2026-03-24 12:30:53,prod-web-01,37,23,32,ok
2026-03-24 12:30:59,prod-web-01,26,50,32,ok
2026-03-26 14:52:18,prod-web-01,23,53,32,ok
2026-03-28 11:16:55,prod-web-01,22,55,32,ok
2026-03-28 11:17:05,prod-web-01,29,50,42,ok
2026-03-28 11:17:16,prod-web-01,25,54,32,ok
2026-03-28 11:17:48,prod-web-01,21,54,32,ok
2026-03-29 11:53:58,prod-web-01,36,56,25,ok
2026-03-29 11:54:09,prod-web-01,64,57,34,warning
2026-03-29 11:54:54,prod-web-01,80,57,34,warning
2026-03-29 11:55:27,prod-web-01,42,56,34,ok
2026-04-14 17:53:56,prod-web-01,42,57,36,ok
2026-04-14 17:54:52,prod-web-01,38,52,55,ok
